<?xml version="1.0" encoding="ISO-8859-1" ?>
<link_info>
   <banner>TI ARM Linker PC v20.2.7.LTS</banner>
   <copyright>Copyright (c) 1996-2018 Texas Instruments Incorporated</copyright>
   <link_time>0x673a3ee4</link_time>
   <link_errors>0x0</link_errors>
   <output_file>TimePass.out</output_file>
   <entry_point>
      <name>_c_int00_noargs</name>
      <address>0x12e1</address>
   </entry_point>
   <input_file_list>
      <input_file id="fl-2">
         <path>.\</path>
         <kind>object</kind>
         <file>main.obj</file>
         <name>main.obj</name>
      </input_file>
      <input_file id="fl-3">
         <path>.\</path>
         <kind>object</kind>
         <file>printf.obj</file>
         <name>printf.obj</name>
      </input_file>
      <input_file id="fl-4">
         <path>.\</path>
         <kind>object</kind>
         <file>ring_buffer.obj</file>
         <name>ring_buffer.obj</name>
      </input_file>
      <input_file id="fl-5">
         <path>.\</path>
         <kind>object</kind>
         <file>tm4c123gh6pm_startup_ccs.obj</file>
         <name>tm4c123gh6pm_startup_ccs.obj</name>
      </input_file>
      <input_file id="fl-6">
         <path>.\</path>
         <kind>object</kind>
         <file>trace.obj</file>
         <name>trace.obj</name>
      </input_file>
      <input_file id="fl-7">
         <path>.\</path>
         <kind>object</kind>
         <file>uart.obj</file>
         <name>uart.obj</name>
      </input_file>
      <input_file id="fl-b">
         <kind>object</kind>
         <file>&lt;internal&gt;</file>
         <name>&lt;internal&gt;</name>
      </input_file>
      <input_file id="fl-c1">
         <path>C:\ti\ccs1271\ccs\tools\compiler\ti-cgt-arm_20.2.7.LTS\lib\</path>
         <kind>archive</kind>
         <file>rtsv7M4_T_le_v4SPD16_eabi.lib</file>
         <name>copy_zero_init.c.obj</name>
      </input_file>
      <input_file id="fl-c2">
         <path>C:\ti\ccs1271\ccs\tools\compiler\ti-cgt-arm_20.2.7.LTS\lib\</path>
         <kind>archive</kind>
         <file>rtsv7M4_T_le_v4SPD16_eabi.lib</file>
         <name>copy_decompress_none.c.obj</name>
      </input_file>
      <input_file id="fl-c3">
         <path>C:\ti\ccs1271\ccs\tools\compiler\ti-cgt-arm_20.2.7.LTS\lib\</path>
         <kind>archive</kind>
         <file>rtsv7M4_T_le_v4SPD16_eabi.lib</file>
         <name>copy_decompress_lzss.c.obj</name>
      </input_file>
      <input_file id="fl-c4">
         <path>C:\ti\ccs1271\ccs\tools\compiler\ti-cgt-arm_20.2.7.LTS\lib\</path>
         <kind>archive</kind>
         <file>rtsv7M4_T_le_v4SPD16_eabi.lib</file>
         <name>boot_cortex_m.c.obj</name>
      </input_file>
      <input_file id="fl-c5">
         <path>C:\ti\ccs1271\ccs\tools\compiler\ti-cgt-arm_20.2.7.LTS\lib\</path>
         <kind>archive</kind>
         <file>rtsv7M4_T_le_v4SPD16_eabi.lib</file>
         <name>memcpy_t2.asm.obj</name>
      </input_file>
      <input_file id="fl-c6">
         <path>C:\ti\ccs1271\ccs\tools\compiler\ti-cgt-arm_20.2.7.LTS\lib\</path>
         <kind>archive</kind>
         <file>rtsv7M4_T_le_v4SPD16_eabi.lib</file>
         <name>memset_t2.asm.obj</name>
      </input_file>
      <input_file id="fl-c7">
         <path>C:\ti\ccs1271\ccs\tools\compiler\ti-cgt-arm_20.2.7.LTS\lib\</path>
         <kind>archive</kind>
         <file>rtsv7M4_T_le_v4SPD16_eabi.lib</file>
         <name>autoinit.c.obj</name>
      </input_file>
      <input_file id="fl-c8">
         <path>C:\ti\ccs1271\ccs\tools\compiler\ti-cgt-arm_20.2.7.LTS\lib\</path>
         <kind>archive</kind>
         <file>rtsv7M4_T_le_v4SPD16_eabi.lib</file>
         <name>pre_init.c.obj</name>
      </input_file>
      <input_file id="fl-c9">
         <path>C:\ti\ccs1271\ccs\tools\compiler\ti-cgt-arm_20.2.7.LTS\lib\</path>
         <kind>archive</kind>
         <file>rtsv7M4_T_le_v4SPD16_eabi.lib</file>
         <name>cpy_tbl.c.obj</name>
      </input_file>
      <input_file id="fl-ca">
         <path>C:\ti\ccs1271\ccs\tools\compiler\ti-cgt-arm_20.2.7.LTS\lib\</path>
         <kind>archive</kind>
         <file>rtsv7M4_T_le_v4SPD16_eabi.lib</file>
         <name>exit.c.obj</name>
      </input_file>
      <input_file id="fl-cb">
         <path>C:\ti\ccs1271\ccs\tools\compiler\ti-cgt-arm_20.2.7.LTS\lib\</path>
         <kind>archive</kind>
         <file>rtsv7M4_T_le_v4SPD16_eabi.lib</file>
         <name>_lock.c.obj</name>
      </input_file>
      <input_file id="fl-cc">
         <path>C:\ti\ccs1271\ccs\tools\compiler\ti-cgt-arm_20.2.7.LTS\lib\</path>
         <kind>archive</kind>
         <file>rtsv7M4_T_le_v4SPD16_eabi.lib</file>
         <name>args_main.c.obj</name>
      </input_file>
   </input_file_list>
   <object_component_list>
      <object_component id="oc-12">
         <name>.intvecs</name>
         <load_address>0x0</load_address>
         <run_address>0x0</run_address>
         <size>0x26c</size>
         <input_file_ref idref="fl-5"/>
      </object_component>
      <object_component id="oc-e7">
         <name>.text</name>
         <load_address>0x26c</load_address>
         <run_address>0x26c</run_address>
         <size>0xb74</size>
         <input_file_ref idref="fl-3"/>
      </object_component>
      <object_component id="oc-2d">
         <name>.text</name>
         <load_address>0xde0</load_address>
         <run_address>0xde0</run_address>
         <size>0x218</size>
         <input_file_ref idref="fl-7"/>
      </object_component>
      <object_component id="oc-74">
         <name>.text</name>
         <load_address>0xff8</load_address>
         <run_address>0xff8</run_address>
         <size>0xe4</size>
         <input_file_ref idref="fl-4"/>
      </object_component>
      <object_component id="oc-b1">
         <name>.text</name>
         <load_address>0x10dc</load_address>
         <run_address>0x10dc</run_address>
         <size>0xbc</size>
         <input_file_ref idref="fl-2"/>
      </object_component>
      <object_component id="oc-41">
         <name>.text</name>
         <load_address>0x1198</load_address>
         <run_address>0x1198</run_address>
         <size>0x9c</size>
         <input_file_ref idref="fl-c5"/>
      </object_component>
      <object_component id="oc-15">
         <name>.text:decompress:lzss:__TI_decompress_lzss</name>
         <load_address>0x1234</load_address>
         <run_address>0x1234</run_address>
         <size>0x68</size>
         <input_file_ref idref="fl-c3"/>
      </object_component>
      <object_component id="oc-fa">
         <name>.text:__TI_auto_init_nobinit_nopinit:__TI_auto_init_nobinit_nopinit</name>
         <load_address>0x129c</load_address>
         <run_address>0x129c</run_address>
         <size>0x44</size>
         <input_file_ref idref="fl-c7"/>
      </object_component>
      <object_component id="oc-5f">
         <name>.text:_c_int00_noargs:_c_int00_noargs</name>
         <load_address>0x12e0</load_address>
         <run_address>0x12e0</run_address>
         <size>0x34</size>
         <input_file_ref idref="fl-c4"/>
      </object_component>
      <object_component id="oc-4d">
         <name>.text:decompress:ZI:__TI_zero_init_nomemset:__TI_zero_init_nomemset</name>
         <load_address>0x1314</load_address>
         <run_address>0x1314</run_address>
         <size>0x1c</size>
         <input_file_ref idref="fl-c1"/>
      </object_component>
      <object_component id="oc-1b">
         <name>.text:decompress:none:__TI_decompress_none</name>
         <load_address>0x1330</load_address>
         <run_address>0x1330</run_address>
         <size>0xe</size>
         <input_file_ref idref="fl-c2"/>
      </object_component>
      <object_component id="oc-27">
         <name>.text</name>
         <load_address>0x133e</load_address>
         <run_address>0x133e</run_address>
         <size>0xc</size>
         <input_file_ref idref="fl-5"/>
      </object_component>
      <object_component id="oc-ab">
         <name>.text:_system_pre_init</name>
         <load_address>0x134a</load_address>
         <run_address>0x134a</run_address>
         <size>0x4</size>
         <input_file_ref idref="fl-c8"/>
      </object_component>
      <object_component id="oc-ee">
         <name>.text:abort:abort</name>
         <load_address>0x134e</load_address>
         <run_address>0x134e</run_address>
         <size>0x4</size>
         <input_file_ref idref="fl-ca"/>
      </object_component>
      <object_component id="oc-1c0">
         <name>.cinit..data.load</name>
         <load_address>0x1358</load_address>
         <run_address>0x1358</run_address>
         <size>0xd</size>
      </object_component>
      <object_component id="oc-1be">
         <name>__TI_handler_table</name>
         <load_address>0x1368</load_address>
         <run_address>0x1368</run_address>
         <size>0xc</size>
      </object_component>
      <object_component id="oc-1c1">
         <name>.cinit..bss.load</name>
         <load_address>0x1378</load_address>
         <run_address>0x1378</run_address>
         <size>0x8</size>
      </object_component>
      <object_component id="oc-1bf">
         <name>__TI_cinit_table</name>
         <load_address>0x1380</load_address>
         <run_address>0x1380</run_address>
         <size>0x10</size>
      </object_component>
      <object_component id="oc-7a">
         <name>.data:tx_buffer</name>
         <load_address>0x20000210</load_address>
         <run_address>0x20000210</run_address>
         <size>0x8</size>
         <input_file_ref idref="fl-7"/>
      </object_component>
      <object_component id="oc-c5">
         <name>.bss:buffer</name>
         <uninitialized>true</uninitialized>
         <run_address>0x20000200</run_address>
         <size>0x10</size>
         <input_file_ref idref="fl-7"/>
      </object_component>
      <object_component id="oc-24">
         <name>.stack</name>
         <uninitialized>true</uninitialized>
         <run_address>0x20000000</run_address>
         <size>0x4</size>
         <input_file_ref idref="fl-c4"/>
      </object_component>
      <object_component id="oc-1c3">
         <name>.stack</name>
         <uninitialized>true</uninitialized>
         <run_address>0x20000000</run_address>
         <size>0x0</size>
      </object_component>
      <object_component id="oc-d6">
         <name>.debug_info</name>
         <load_address>0x0</load_address>
         <run_address>0x0</run_address>
         <size>0x2a6</size>
         <input_file_ref idref="fl-2"/>
      </object_component>
      <object_component id="oc-b5">
         <name>.debug_info</name>
         <load_address>0x2a6</load_address>
         <run_address>0x2a6</run_address>
         <size>0x249</size>
         <input_file_ref idref="fl-2"/>
      </object_component>
      <object_component id="oc-86">
         <name>.debug_info</name>
         <load_address>0x4ef</load_address>
         <run_address>0x4ef</run_address>
         <size>0x26b</size>
         <input_file_ref idref="fl-2"/>
      </object_component>
      <object_component id="oc-3c">
         <name>.debug_info</name>
         <load_address>0x75a</load_address>
         <run_address>0x75a</run_address>
         <size>0x84</size>
         <input_file_ref idref="fl-2"/>
      </object_component>
      <object_component id="oc-d1">
         <name>.debug_info</name>
         <load_address>0x7de</load_address>
         <run_address>0x7de</run_address>
         <size>0x2a4</size>
         <input_file_ref idref="fl-2"/>
      </object_component>
      <object_component id="oc-8b">
         <name>.debug_info</name>
         <load_address>0xa82</load_address>
         <run_address>0xa82</run_address>
         <size>0xbb</size>
         <input_file_ref idref="fl-2"/>
      </object_component>
      <object_component id="oc-134">
         <name>.debug_info</name>
         <load_address>0xb3d</load_address>
         <run_address>0xb3d</run_address>
         <size>0x53</size>
         <input_file_ref idref="fl-2"/>
      </object_component>
      <object_component id="oc-13e">
         <name>.debug_info</name>
         <load_address>0xb90</load_address>
         <run_address>0xb90</run_address>
         <size>0x2c</size>
         <input_file_ref idref="fl-2"/>
      </object_component>
      <object_component id="oc-133">
         <name>.debug_info</name>
         <load_address>0xbbc</load_address>
         <run_address>0xbbc</run_address>
         <size>0x304</size>
         <input_file_ref idref="fl-3"/>
      </object_component>
      <object_component id="oc-e8">
         <name>.debug_info</name>
         <load_address>0xec0</load_address>
         <run_address>0xec0</run_address>
         <size>0x1362</size>
         <input_file_ref idref="fl-3"/>
      </object_component>
      <object_component id="oc-139">
         <name>.debug_info</name>
         <load_address>0x2222</load_address>
         <run_address>0x2222</run_address>
         <size>0x6b</size>
         <input_file_ref idref="fl-3"/>
      </object_component>
      <object_component id="oc-7e">
         <name>.debug_info</name>
         <load_address>0x228d</load_address>
         <run_address>0x228d</run_address>
         <size>0x8b</size>
         <input_file_ref idref="fl-3"/>
      </object_component>
      <object_component id="oc-c4">
         <name>.debug_info</name>
         <load_address>0x2318</load_address>
         <run_address>0x2318</run_address>
         <size>0x27a</size>
         <input_file_ref idref="fl-4"/>
      </object_component>
      <object_component id="oc-76">
         <name>.debug_info</name>
         <load_address>0x2592</load_address>
         <run_address>0x2592</run_address>
         <size>0x3aa</size>
         <input_file_ref idref="fl-4"/>
      </object_component>
      <object_component id="oc-ca">
         <name>.debug_info</name>
         <load_address>0x293c</load_address>
         <run_address>0x293c</run_address>
         <size>0x7d</size>
         <input_file_ref idref="fl-4"/>
      </object_component>
      <object_component id="oc-35">
         <name>.debug_info</name>
         <load_address>0x29b9</load_address>
         <run_address>0x29b9</run_address>
         <size>0x2ce</size>
         <input_file_ref idref="fl-5"/>
      </object_component>
      <object_component id="oc-13">
         <name>.debug_info</name>
         <load_address>0x2c87</load_address>
         <run_address>0x2c87</run_address>
         <size>0xed</size>
         <input_file_ref idref="fl-5"/>
      </object_component>
      <object_component id="oc-28">
         <name>.debug_info</name>
         <load_address>0x2d74</load_address>
         <run_address>0x2d74</run_address>
         <size>0x269</size>
         <input_file_ref idref="fl-5"/>
      </object_component>
      <object_component id="oc-83">
         <name>.debug_info</name>
         <load_address>0x2fdd</load_address>
         <run_address>0x2fdd</run_address>
         <size>0x393</size>
         <input_file_ref idref="fl-7"/>
      </object_component>
      <object_component id="oc-c6">
         <name>.debug_info</name>
         <load_address>0x3370</load_address>
         <run_address>0x3370</run_address>
         <size>0xcc</size>
         <input_file_ref idref="fl-7"/>
      </object_component>
      <object_component id="oc-7b">
         <name>.debug_info</name>
         <load_address>0x343c</load_address>
         <run_address>0x343c</run_address>
         <size>0xd2</size>
         <input_file_ref idref="fl-7"/>
      </object_component>
      <object_component id="oc-2f">
         <name>.debug_info</name>
         <load_address>0x350e</load_address>
         <run_address>0x350e</run_address>
         <size>0x763</size>
         <input_file_ref idref="fl-7"/>
      </object_component>
      <object_component id="oc-a4">
         <name>.debug_info</name>
         <load_address>0x3c71</load_address>
         <run_address>0x3c71</run_address>
         <size>0x2d4</size>
         <input_file_ref idref="fl-c1"/>
      </object_component>
      <object_component id="oc-4e">
         <name>.debug_info</name>
         <load_address>0x3f45</load_address>
         <run_address>0x3f45</run_address>
         <size>0x1d2</size>
         <input_file_ref idref="fl-c1"/>
      </object_component>
      <object_component id="oc-9f">
         <name>.debug_info</name>
         <load_address>0x4117</load_address>
         <run_address>0x4117</run_address>
         <size>0x46</size>
         <input_file_ref idref="fl-c1"/>
      </object_component>
      <object_component id="oc-de">
         <name>.debug_info</name>
         <load_address>0x415d</load_address>
         <run_address>0x415d</run_address>
         <size>0x2c</size>
         <input_file_ref idref="fl-c1"/>
      </object_component>
      <object_component id="oc-4c">
         <name>.debug_info</name>
         <load_address>0x4189</load_address>
         <run_address>0x4189</run_address>
         <size>0x2a8</size>
         <input_file_ref idref="fl-c2"/>
      </object_component>
      <object_component id="oc-1f">
         <name>.debug_info</name>
         <load_address>0x4431</load_address>
         <run_address>0x4431</run_address>
         <size>0x1ea</size>
         <input_file_ref idref="fl-c2"/>
      </object_component>
      <object_component id="oc-47">
         <name>.debug_info</name>
         <load_address>0x461b</load_address>
         <run_address>0x461b</run_address>
         <size>0x46</size>
         <input_file_ref idref="fl-c2"/>
      </object_component>
      <object_component id="oc-97">
         <name>.debug_info</name>
         <load_address>0x4661</load_address>
         <run_address>0x4661</run_address>
         <size>0x2c</size>
         <input_file_ref idref="fl-c2"/>
      </object_component>
      <object_component id="oc-95">
         <name>.debug_info</name>
         <load_address>0x468d</load_address>
         <run_address>0x468d</run_address>
         <size>0x29e</size>
         <input_file_ref idref="fl-c3"/>
      </object_component>
      <object_component id="oc-16">
         <name>.debug_info</name>
         <load_address>0x492b</load_address>
         <run_address>0x492b</run_address>
         <size>0x250</size>
         <input_file_ref idref="fl-c3"/>
      </object_component>
      <object_component id="oc-37">
         <name>.debug_info</name>
         <load_address>0x4b7b</load_address>
         <run_address>0x4b7b</run_address>
         <size>0x60</size>
         <input_file_ref idref="fl-c3"/>
      </object_component>
      <object_component id="oc-d7">
         <name>.debug_info</name>
         <load_address>0x4bdb</load_address>
         <run_address>0x4bdb</run_address>
         <size>0x46</size>
         <input_file_ref idref="fl-c3"/>
      </object_component>
      <object_component id="oc-90">
         <name>.debug_info</name>
         <load_address>0x4c21</load_address>
         <run_address>0x4c21</run_address>
         <size>0x39</size>
         <input_file_ref idref="fl-c3"/>
      </object_component>
      <object_component id="oc-25">
         <name>.debug_info</name>
         <load_address>0x4c5a</load_address>
         <run_address>0x4c5a</run_address>
         <size>0x10b</size>
         <input_file_ref idref="fl-c4"/>
      </object_component>
      <object_component id="oc-61">
         <name>.debug_info</name>
         <load_address>0x4d65</load_address>
         <run_address>0x4d65</run_address>
         <size>0x1a9</size>
         <input_file_ref idref="fl-c4"/>
      </object_component>
      <object_component id="oc-43">
         <name>.debug_info</name>
         <load_address>0x4f0e</load_address>
         <run_address>0x4f0e</run_address>
         <size>0x119</size>
         <input_file_ref idref="fl-c5"/>
      </object_component>
      <object_component id="oc-14e">
         <name>.debug_info</name>
         <load_address>0x5027</load_address>
         <run_address>0x5027</run_address>
         <size>0x4b3</size>
         <input_file_ref idref="fl-c7"/>
      </object_component>
      <object_component id="oc-fd">
         <name>.debug_info</name>
         <load_address>0x54da</load_address>
         <run_address>0x54da</run_address>
         <size>0x1a6</size>
         <input_file_ref idref="fl-c7"/>
      </object_component>
      <object_component id="oc-175">
         <name>.debug_info</name>
         <load_address>0x5680</load_address>
         <run_address>0x5680</run_address>
         <size>0x39</size>
         <input_file_ref idref="fl-c7"/>
      </object_component>
      <object_component id="oc-189">
         <name>.debug_info</name>
         <load_address>0x56b9</load_address>
         <run_address>0x56b9</run_address>
         <size>0x39</size>
         <input_file_ref idref="fl-c7"/>
      </object_component>
      <object_component id="oc-17a">
         <name>.debug_info</name>
         <load_address>0x56f2</load_address>
         <run_address>0x56f2</run_address>
         <size>0x39</size>
         <input_file_ref idref="fl-c7"/>
      </object_component>
      <object_component id="oc-17f">
         <name>.debug_info</name>
         <load_address>0x572b</load_address>
         <run_address>0x572b</run_address>
         <size>0xcd</size>
         <input_file_ref idref="fl-c7"/>
      </object_component>
      <object_component id="oc-ad">
         <name>.debug_info</name>
         <load_address>0x57f8</load_address>
         <run_address>0x57f8</run_address>
         <size>0x153</size>
         <input_file_ref idref="fl-c8"/>
      </object_component>
      <object_component id="oc-f2">
         <name>.debug_info</name>
         <load_address>0x594b</load_address>
         <run_address>0x594b</run_address>
         <size>0x122</size>
         <input_file_ref idref="fl-ca"/>
      </object_component>
      <object_component id="oc-1c4">
         <name>.debug_info</name>
         <load_address>0x5a6d</load_address>
         <run_address>0x5a6d</run_address>
         <size>0xa0</size>
      </object_component>
      <object_component id="oc-131">
         <name>.debug_line</name>
         <load_address>0x0</load_address>
         <run_address>0x0</run_address>
         <size>0x3c</size>
         <input_file_ref idref="fl-2"/>
      </object_component>
      <object_component id="oc-b3">
         <name>.debug_line</name>
         <load_address>0x3c</load_address>
         <run_address>0x3c</run_address>
         <size>0x9d</size>
         <input_file_ref idref="fl-2"/>
      </object_component>
      <object_component id="oc-89">
         <name>.debug_line</name>
         <load_address>0xd9</load_address>
         <run_address>0xd9</run_address>
         <size>0x6f</size>
         <input_file_ref idref="fl-2"/>
      </object_component>
      <object_component id="oc-3f">
         <name>.debug_line</name>
         <load_address>0x148</load_address>
         <run_address>0x148</run_address>
         <size>0x20</size>
         <input_file_ref idref="fl-2"/>
      </object_component>
      <object_component id="oc-d4">
         <name>.debug_line</name>
         <load_address>0x168</load_address>
         <run_address>0x168</run_address>
         <size>0x73</size>
         <input_file_ref idref="fl-2"/>
      </object_component>
      <object_component id="oc-8e">
         <name>.debug_line</name>
         <load_address>0x1db</load_address>
         <run_address>0x1db</run_address>
         <size>0x70</size>
         <input_file_ref idref="fl-2"/>
      </object_component>
      <object_component id="oc-137">
         <name>.debug_line</name>
         <load_address>0x24b</load_address>
         <run_address>0x24b</run_address>
         <size>0x6b</size>
         <input_file_ref idref="fl-2"/>
      </object_component>
      <object_component id="oc-141">
         <name>.debug_line</name>
         <load_address>0x2b6</load_address>
         <run_address>0x2b6</run_address>
         <size>0x6b</size>
         <input_file_ref idref="fl-2"/>
      </object_component>
      <object_component id="oc-164">
         <name>.debug_line</name>
         <load_address>0x321</load_address>
         <run_address>0x321</run_address>
         <size>0x2f</size>
         <input_file_ref idref="fl-3"/>
      </object_component>
      <object_component id="oc-eb">
         <name>.debug_line</name>
         <load_address>0x350</load_address>
         <run_address>0x350</run_address>
         <size>0x4ed</size>
         <input_file_ref idref="fl-3"/>
      </object_component>
      <object_component id="oc-13c">
         <name>.debug_line</name>
         <load_address>0x83d</load_address>
         <run_address>0x83d</run_address>
         <size>0x2f</size>
         <input_file_ref idref="fl-3"/>
      </object_component>
      <object_component id="oc-81">
         <name>.debug_line</name>
         <load_address>0x86c</load_address>
         <run_address>0x86c</run_address>
         <size>0x20</size>
         <input_file_ref idref="fl-3"/>
      </object_component>
      <object_component id="oc-12d">
         <name>.debug_line</name>
         <load_address>0x88c</load_address>
         <run_address>0x88c</run_address>
         <size>0x20</size>
         <input_file_ref idref="fl-4"/>
      </object_component>
      <object_component id="oc-79">
         <name>.debug_line</name>
         <load_address>0x8ac</load_address>
         <run_address>0x8ac</run_address>
         <size>0xca</size>
         <input_file_ref idref="fl-4"/>
      </object_component>
      <object_component id="oc-cd">
         <name>.debug_line</name>
         <load_address>0x976</load_address>
         <run_address>0x976</run_address>
         <size>0x5d</size>
         <input_file_ref idref="fl-4"/>
      </object_component>
      <object_component id="oc-85">
         <name>.debug_line</name>
         <load_address>0x9d3</load_address>
         <run_address>0x9d3</run_address>
         <size>0x41</size>
         <input_file_ref idref="fl-5"/>
      </object_component>
      <object_component id="oc-34">
         <name>.debug_line</name>
         <load_address>0xa14</load_address>
         <run_address>0xa14</run_address>
         <size>0x41</size>
         <input_file_ref idref="fl-5"/>
      </object_component>
      <object_component id="oc-2c">
         <name>.debug_line</name>
         <load_address>0xa55</load_address>
         <run_address>0xa55</run_address>
         <size>0xa1</size>
         <input_file_ref idref="fl-5"/>
      </object_component>
      <object_component id="oc-d0">
         <name>.debug_line</name>
         <load_address>0xaf6</load_address>
         <run_address>0xaf6</run_address>
         <size>0x5d</size>
         <input_file_ref idref="fl-7"/>
      </object_component>
      <object_component id="oc-12f">
         <name>.debug_line</name>
         <load_address>0xb53</load_address>
         <run_address>0xb53</run_address>
         <size>0x2d</size>
         <input_file_ref idref="fl-7"/>
      </object_component>
      <object_component id="oc-c9">
         <name>.debug_line</name>
         <load_address>0xb80</load_address>
         <run_address>0xb80</run_address>
         <size>0x2d</size>
         <input_file_ref idref="fl-7"/>
      </object_component>
      <object_component id="oc-2e">
         <name>.debug_line</name>
         <load_address>0xbad</load_address>
         <run_address>0xbad</run_address>
         <size>0x1b7</size>
         <input_file_ref idref="fl-7"/>
      </object_component>
      <object_component id="oc-e4">
         <name>.debug_line</name>
         <load_address>0xd64</load_address>
         <run_address>0xd64</run_address>
         <size>0x92</size>
         <input_file_ref idref="fl-c1"/>
      </object_component>
      <object_component id="oc-52">
         <name>.debug_line</name>
         <load_address>0xdf6</load_address>
         <run_address>0xdf6</run_address>
         <size>0x4c</size>
         <input_file_ref idref="fl-c1"/>
      </object_component>
      <object_component id="oc-a2">
         <name>.debug_line</name>
         <load_address>0xe42</load_address>
         <run_address>0xe42</run_address>
         <size>0x34</size>
         <input_file_ref idref="fl-c1"/>
      </object_component>
      <object_component id="oc-e1">
         <name>.debug_line</name>
         <load_address>0xe76</load_address>
         <run_address>0xe76</run_address>
         <size>0x92</size>
         <input_file_ref idref="fl-c1"/>
      </object_component>
      <object_component id="oc-9d">
         <name>.debug_line</name>
         <load_address>0xf08</load_address>
         <run_address>0xf08</run_address>
         <size>0x20</size>
         <input_file_ref idref="fl-c2"/>
      </object_component>
      <object_component id="oc-1e">
         <name>.debug_line</name>
         <load_address>0xf28</load_address>
         <run_address>0xf28</run_address>
         <size>0x55</size>
         <input_file_ref idref="fl-c2"/>
      </object_component>
      <object_component id="oc-4a">
         <name>.debug_line</name>
         <load_address>0xf7d</load_address>
         <run_address>0xf7d</run_address>
         <size>0x3a</size>
         <input_file_ref idref="fl-c2"/>
      </object_component>
      <object_component id="oc-9a">
         <name>.debug_line</name>
         <load_address>0xfb7</load_address>
         <run_address>0xfb7</run_address>
         <size>0x92</size>
         <input_file_ref idref="fl-c2"/>
      </object_component>
      <object_component id="oc-dd">
         <name>.debug_line</name>
         <load_address>0x1049</load_address>
         <run_address>0x1049</run_address>
         <size>0x20</size>
         <input_file_ref idref="fl-c3"/>
      </object_component>
      <object_component id="oc-1a">
         <name>.debug_line</name>
         <load_address>0x1069</load_address>
         <run_address>0x1069</run_address>
         <size>0xa9</size>
         <input_file_ref idref="fl-c3"/>
      </object_component>
      <object_component id="oc-3a">
         <name>.debug_line</name>
         <load_address>0x1112</load_address>
         <run_address>0x1112</run_address>
         <size>0x3a</size>
         <input_file_ref idref="fl-c3"/>
      </object_component>
      <object_component id="oc-da">
         <name>.debug_line</name>
         <load_address>0x114c</load_address>
         <run_address>0x114c</run_address>
         <size>0x9a</size>
         <input_file_ref idref="fl-c3"/>
      </object_component>
      <object_component id="oc-93">
         <name>.debug_line</name>
         <load_address>0x11e6</load_address>
         <run_address>0x11e6</run_address>
         <size>0x96</size>
         <input_file_ref idref="fl-c3"/>
      </object_component>
      <object_component id="oc-72">
         <name>.debug_line</name>
         <load_address>0x127c</load_address>
         <run_address>0x127c</run_address>
         <size>0x33</size>
         <input_file_ref idref="fl-c4"/>
      </object_component>
      <object_component id="oc-64">
         <name>.debug_line</name>
         <load_address>0x12af</load_address>
         <run_address>0x12af</run_address>
         <size>0x45</size>
         <input_file_ref idref="fl-c4"/>
      </object_component>
      <object_component id="oc-45">
         <name>.debug_line</name>
         <load_address>0x12f4</load_address>
         <run_address>0x12f4</run_address>
         <size>0x88</size>
         <input_file_ref idref="fl-c5"/>
      </object_component>
      <object_component id="oc-174">
         <name>.debug_line</name>
         <load_address>0x137c</load_address>
         <run_address>0x137c</run_address>
         <size>0xbf</size>
         <input_file_ref idref="fl-c7"/>
      </object_component>
      <object_component id="oc-fc">
         <name>.debug_line</name>
         <load_address>0x143b</load_address>
         <run_address>0x143b</run_address>
         <size>0x6f</size>
         <input_file_ref idref="fl-c7"/>
      </object_component>
      <object_component id="oc-178">
         <name>.debug_line</name>
         <load_address>0x14aa</load_address>
         <run_address>0x14aa</run_address>
         <size>0x2e</size>
         <input_file_ref idref="fl-c7"/>
      </object_component>
      <object_component id="oc-18c">
         <name>.debug_line</name>
         <load_address>0x14d8</load_address>
         <run_address>0x14d8</run_address>
         <size>0x9a</size>
         <input_file_ref idref="fl-c7"/>
      </object_component>
      <object_component id="oc-17d">
         <name>.debug_line</name>
         <load_address>0x1572</load_address>
         <run_address>0x1572</run_address>
         <size>0x97</size>
         <input_file_ref idref="fl-c7"/>
      </object_component>
      <object_component id="oc-182">
         <name>.debug_line</name>
         <load_address>0x1609</load_address>
         <run_address>0x1609</run_address>
         <size>0x93</size>
         <input_file_ref idref="fl-c7"/>
      </object_component>
      <object_component id="oc-b0">
         <name>.debug_line</name>
         <load_address>0x169c</load_address>
         <run_address>0x169c</run_address>
         <size>0x40</size>
         <input_file_ref idref="fl-c8"/>
      </object_component>
      <object_component id="oc-f1">
         <name>.debug_line</name>
         <load_address>0x16dc</load_address>
         <run_address>0x16dc</run_address>
         <size>0x3c</size>
         <input_file_ref idref="fl-ca"/>
      </object_component>
      <object_component id="oc-b2">
         <name>.debug_frame</name>
         <load_address>0x0</load_address>
         <run_address>0x0</run_address>
         <size>0x98</size>
         <input_file_ref idref="fl-2"/>
      </object_component>
      <object_component id="oc-ec">
         <name>.debug_frame</name>
         <load_address>0x98</load_address>
         <run_address>0x98</run_address>
         <size>0x264</size>
         <input_file_ref idref="fl-3"/>
      </object_component>
      <object_component id="oc-78">
         <name>.debug_frame</name>
         <load_address>0x2fc</load_address>
         <run_address>0x2fc</run_address>
         <size>0xb8</size>
         <input_file_ref idref="fl-4"/>
      </object_component>
      <object_component id="oc-2b">
         <name>.debug_frame</name>
         <load_address>0x3b4</load_address>
         <run_address>0x3b4</run_address>
         <size>0x90</size>
         <input_file_ref idref="fl-5"/>
      </object_component>
      <object_component id="oc-32">
         <name>.debug_frame</name>
         <load_address>0x444</load_address>
         <run_address>0x444</run_address>
         <size>0x148</size>
         <input_file_ref idref="fl-7"/>
      </object_component>
      <object_component id="oc-51">
         <name>.debug_frame</name>
         <load_address>0x58c</load_address>
         <run_address>0x58c</run_address>
         <size>0x54</size>
         <input_file_ref idref="fl-c1"/>
      </object_component>
      <object_component id="oc-1d">
         <name>.debug_frame</name>
         <load_address>0x5e0</load_address>
         <run_address>0x5e0</run_address>
         <size>0x54</size>
         <input_file_ref idref="fl-c2"/>
      </object_component>
      <object_component id="oc-19">
         <name>.debug_frame</name>
         <load_address>0x634</load_address>
         <run_address>0x634</run_address>
         <size>0x60</size>
         <input_file_ref idref="fl-c3"/>
      </object_component>
      <object_component id="oc-63">
         <name>.debug_frame</name>
         <load_address>0x694</load_address>
         <run_address>0x694</run_address>
         <size>0x50</size>
         <input_file_ref idref="fl-c4"/>
      </object_component>
      <object_component id="oc-fb">
         <name>.debug_frame</name>
         <load_address>0x6e4</load_address>
         <run_address>0x6e4</run_address>
         <size>0x5c</size>
         <input_file_ref idref="fl-c7"/>
      </object_component>
      <object_component id="oc-af">
         <name>.debug_frame</name>
         <load_address>0x740</load_address>
         <run_address>0x740</run_address>
         <size>0x54</size>
         <input_file_ref idref="fl-c8"/>
      </object_component>
      <object_component id="oc-ef">
         <name>.debug_frame</name>
         <load_address>0x794</load_address>
         <run_address>0x794</run_address>
         <size>0x54</size>
         <input_file_ref idref="fl-ca"/>
      </object_component>
      <object_component id="oc-130">
         <name>.debug_abbrev</name>
         <load_address>0x0</load_address>
         <run_address>0x0</run_address>
         <size>0x6f</size>
         <input_file_ref idref="fl-2"/>
      </object_component>
      <object_component id="oc-ed">
         <name>.debug_abbrev</name>
         <load_address>0x6f</load_address>
         <run_address>0x6f</run_address>
         <size>0x7a</size>
         <input_file_ref idref="fl-2"/>
      </object_component>
      <object_component id="oc-88">
         <name>.debug_abbrev</name>
         <load_address>0xe9</load_address>
         <run_address>0xe9</run_address>
         <size>0x69</size>
         <input_file_ref idref="fl-2"/>
      </object_component>
      <object_component id="oc-3e">
         <name>.debug_abbrev</name>
         <load_address>0x152</load_address>
         <run_address>0x152</run_address>
         <size>0x1f</size>
         <input_file_ref idref="fl-2"/>
      </object_component>
      <object_component id="oc-d3">
         <name>.debug_abbrev</name>
         <load_address>0x171</load_address>
         <run_address>0x171</run_address>
         <size>0x5c</size>
         <input_file_ref idref="fl-2"/>
      </object_component>
      <object_component id="oc-8d">
         <name>.debug_abbrev</name>
         <load_address>0x1cd</load_address>
         <run_address>0x1cd</run_address>
         <size>0x24</size>
         <input_file_ref idref="fl-2"/>
      </object_component>
      <object_component id="oc-136">
         <name>.debug_abbrev</name>
         <load_address>0x1f1</load_address>
         <run_address>0x1f1</run_address>
         <size>0x24</size>
         <input_file_ref idref="fl-2"/>
      </object_component>
      <object_component id="oc-140">
         <name>.debug_abbrev</name>
         <load_address>0x215</load_address>
         <run_address>0x215</run_address>
         <size>0x24</size>
         <input_file_ref idref="fl-2"/>
      </object_component>
      <object_component id="oc-163">
         <name>.debug_abbrev</name>
         <load_address>0x239</load_address>
         <run_address>0x239</run_address>
         <size>0x78</size>
         <input_file_ref idref="fl-3"/>
      </object_component>
      <object_component id="oc-132">
         <name>.debug_abbrev</name>
         <load_address>0x2b1</load_address>
         <run_address>0x2b1</run_address>
         <size>0x14d</size>
         <input_file_ref idref="fl-3"/>
      </object_component>
      <object_component id="oc-13b">
         <name>.debug_abbrev</name>
         <load_address>0x3fe</load_address>
         <run_address>0x3fe</run_address>
         <size>0x5a</size>
         <input_file_ref idref="fl-3"/>
      </object_component>
      <object_component id="oc-80">
         <name>.debug_abbrev</name>
         <load_address>0x458</load_address>
         <run_address>0x458</run_address>
         <size>0x1f</size>
         <input_file_ref idref="fl-3"/>
      </object_component>
      <object_component id="oc-12c">
         <name>.debug_abbrev</name>
         <load_address>0x477</load_address>
         <run_address>0x477</run_address>
         <size>0x37</size>
         <input_file_ref idref="fl-4"/>
      </object_component>
      <object_component id="oc-c3">
         <name>.debug_abbrev</name>
         <load_address>0x4ae</load_address>
         <run_address>0x4ae</run_address>
         <size>0x9b</size>
         <input_file_ref idref="fl-4"/>
      </object_component>
      <object_component id="oc-cc">
         <name>.debug_abbrev</name>
         <load_address>0x549</load_address>
         <run_address>0x549</run_address>
         <size>0x3a</size>
         <input_file_ref idref="fl-4"/>
      </object_component>
      <object_component id="oc-84">
         <name>.debug_abbrev</name>
         <load_address>0x583</load_address>
         <run_address>0x583</run_address>
         <size>0x7c</size>
         <input_file_ref idref="fl-5"/>
      </object_component>
      <object_component id="oc-33">
         <name>.debug_abbrev</name>
         <load_address>0x5ff</load_address>
         <run_address>0x5ff</run_address>
         <size>0x29</size>
         <input_file_ref idref="fl-5"/>
      </object_component>
      <object_component id="oc-73">
         <name>.debug_abbrev</name>
         <load_address>0x628</load_address>
         <run_address>0x628</run_address>
         <size>0x79</size>
         <input_file_ref idref="fl-5"/>
      </object_component>
      <object_component id="oc-cf">
         <name>.debug_abbrev</name>
         <load_address>0x6a1</load_address>
         <run_address>0x6a1</run_address>
         <size>0x87</size>
         <input_file_ref idref="fl-7"/>
      </object_component>
      <object_component id="oc-12e">
         <name>.debug_abbrev</name>
         <load_address>0x728</load_address>
         <run_address>0x728</run_address>
         <size>0x27</size>
         <input_file_ref idref="fl-7"/>
      </object_component>
      <object_component id="oc-c8">
         <name>.debug_abbrev</name>
         <load_address>0x74f</load_address>
         <run_address>0x74f</run_address>
         <size>0x27</size>
         <input_file_ref idref="fl-7"/>
      </object_component>
      <object_component id="oc-7d">
         <name>.debug_abbrev</name>
         <load_address>0x776</load_address>
         <run_address>0x776</run_address>
         <size>0xb4</size>
         <input_file_ref idref="fl-7"/>
      </object_component>
      <object_component id="oc-e3">
         <name>.debug_abbrev</name>
         <load_address>0x82a</load_address>
         <run_address>0x82a</run_address>
         <size>0x5d</size>
         <input_file_ref idref="fl-c1"/>
      </object_component>
      <object_component id="oc-9e">
         <name>.debug_abbrev</name>
         <load_address>0x887</load_address>
         <run_address>0x887</run_address>
         <size>0x6f</size>
         <input_file_ref idref="fl-c1"/>
      </object_component>
      <object_component id="oc-a1">
         <name>.debug_abbrev</name>
         <load_address>0x8f6</load_address>
         <run_address>0x8f6</run_address>
         <size>0x24</size>
         <input_file_ref idref="fl-c1"/>
      </object_component>
      <object_component id="oc-e0">
         <name>.debug_abbrev</name>
         <load_address>0x91a</load_address>
         <run_address>0x91a</run_address>
         <size>0x24</size>
         <input_file_ref idref="fl-c1"/>
      </object_component>
      <object_component id="oc-9c">
         <name>.debug_abbrev</name>
         <load_address>0x93e</load_address>
         <run_address>0x93e</run_address>
         <size>0x37</size>
         <input_file_ref idref="fl-c2"/>
      </object_component>
      <object_component id="oc-46">
         <name>.debug_abbrev</name>
         <load_address>0x975</load_address>
         <run_address>0x975</run_address>
         <size>0x74</size>
         <input_file_ref idref="fl-c2"/>
      </object_component>
      <object_component id="oc-49">
         <name>.debug_abbrev</name>
         <load_address>0x9e9</load_address>
         <run_address>0x9e9</run_address>
         <size>0x24</size>
         <input_file_ref idref="fl-c2"/>
      </object_component>
      <object_component id="oc-99">
         <name>.debug_abbrev</name>
         <load_address>0xa0d</load_address>
         <run_address>0xa0d</run_address>
         <size>0x24</size>
         <input_file_ref idref="fl-c2"/>
      </object_component>
      <object_component id="oc-dc">
         <name>.debug_abbrev</name>
         <load_address>0xa31</load_address>
         <run_address>0xa31</run_address>
         <size>0x37</size>
         <input_file_ref idref="fl-c3"/>
      </object_component>
      <object_component id="oc-36">
         <name>.debug_abbrev</name>
         <load_address>0xa68</load_address>
         <run_address>0xa68</run_address>
         <size>0x6f</size>
         <input_file_ref idref="fl-c3"/>
      </object_component>
      <object_component id="oc-39">
         <name>.debug_abbrev</name>
         <load_address>0xad7</load_address>
         <run_address>0xad7</run_address>
         <size>0x24</size>
         <input_file_ref idref="fl-c3"/>
      </object_component>
      <object_component id="oc-d9">
         <name>.debug_abbrev</name>
         <load_address>0xafb</load_address>
         <run_address>0xafb</run_address>
         <size>0x35</size>
         <input_file_ref idref="fl-c3"/>
      </object_component>
      <object_component id="oc-92">
         <name>.debug_abbrev</name>
         <load_address>0xb30</load_address>
         <run_address>0xb30</run_address>
         <size>0x24</size>
         <input_file_ref idref="fl-c3"/>
      </object_component>
      <object_component id="oc-71">
         <name>.debug_abbrev</name>
         <load_address>0xb54</load_address>
         <run_address>0xb54</run_address>
         <size>0x29</size>
         <input_file_ref idref="fl-c4"/>
      </object_component>
      <object_component id="oc-ba">
         <name>.debug_abbrev</name>
         <load_address>0xb7d</load_address>
         <run_address>0xb7d</run_address>
         <size>0x55</size>
         <input_file_ref idref="fl-c4"/>
      </object_component>
      <object_component id="oc-96">
         <name>.debug_abbrev</name>
         <load_address>0xbd2</load_address>
         <run_address>0xbd2</run_address>
         <size>0x3e</size>
         <input_file_ref idref="fl-c5"/>
      </object_component>
      <object_component id="oc-173">
         <name>.debug_abbrev</name>
         <load_address>0xc10</load_address>
         <run_address>0xc10</run_address>
         <size>0xc0</size>
         <input_file_ref idref="fl-c7"/>
      </object_component>
      <object_component id="oc-14d">
         <name>.debug_abbrev</name>
         <load_address>0xcd0</load_address>
         <run_address>0xcd0</run_address>
         <size>0x7e</size>
         <input_file_ref idref="fl-c7"/>
      </object_component>
      <object_component id="oc-177">
         <name>.debug_abbrev</name>
         <load_address>0xd4e</load_address>
         <run_address>0xd4e</run_address>
         <size>0x24</size>
         <input_file_ref idref="fl-c7"/>
      </object_component>
      <object_component id="oc-18b">
         <name>.debug_abbrev</name>
         <load_address>0xd72</load_address>
         <run_address>0xd72</run_address>
         <size>0x24</size>
         <input_file_ref idref="fl-c7"/>
      </object_component>
      <object_component id="oc-17c">
         <name>.debug_abbrev</name>
         <load_address>0xd96</load_address>
         <run_address>0xd96</run_address>
         <size>0x24</size>
         <input_file_ref idref="fl-c7"/>
      </object_component>
      <object_component id="oc-181">
         <name>.debug_abbrev</name>
         <load_address>0xdba</load_address>
         <run_address>0xdba</run_address>
         <size>0x4b</size>
         <input_file_ref idref="fl-c7"/>
      </object_component>
      <object_component id="oc-e6">
         <name>.debug_abbrev</name>
         <load_address>0xe05</load_address>
         <run_address>0xe05</run_address>
         <size>0x55</size>
         <input_file_ref idref="fl-c8"/>
      </object_component>
      <object_component id="oc-143">
         <name>.debug_abbrev</name>
         <load_address>0xe5a</load_address>
         <run_address>0xe5a</run_address>
         <size>0x45</size>
         <input_file_ref idref="fl-ca"/>
      </object_component>
      <object_component id="oc-1c5">
         <name>.debug_abbrev</name>
         <load_address>0xe9f</load_address>
         <run_address>0xe9f</run_address>
         <size>0xf</size>
      </object_component>
      <object_component id="oc-8a">
         <name>.debug_str</name>
         <load_address>0x0</load_address>
         <run_address>0x0</run_address>
         <size>0x2b1</size>
         <input_file_ref idref="fl-2"/>
      </object_component>
      <object_component id="oc-40">
         <name>.debug_str</name>
         <load_address>0x2b1</load_address>
         <run_address>0x2b1</run_address>
         <size>0xfd</size>
         <input_file_ref idref="fl-2"/>
      </object_component>
      <object_component id="oc-d5">
         <name>.debug_str</name>
         <load_address>0x3ae</load_address>
         <run_address>0x3ae</run_address>
         <size>0x347</size>
         <input_file_ref idref="fl-2"/>
      </object_component>
      <object_component id="oc-8f">
         <name>.debug_str</name>
         <load_address>0x6f5</load_address>
         <run_address>0x6f5</run_address>
         <size>0x149</size>
         <input_file_ref idref="fl-2"/>
      </object_component>
      <object_component id="oc-138">
         <name>.debug_str</name>
         <load_address>0x83e</load_address>
         <run_address>0x83e</run_address>
         <size>0x101</size>
         <input_file_ref idref="fl-2"/>
      </object_component>
      <object_component id="oc-142">
         <name>.debug_str</name>
         <load_address>0x93f</load_address>
         <run_address>0x93f</run_address>
         <size>0xe4</size>
         <input_file_ref idref="fl-2"/>
      </object_component>
      <object_component id="oc-13d">
         <name>.debug_str</name>
         <load_address>0xa23</load_address>
         <run_address>0xa23</run_address>
         <size>0xc7</size>
         <input_file_ref idref="fl-3"/>
      </object_component>
      <object_component id="oc-82">
         <name>.debug_str</name>
         <load_address>0xaea</load_address>
         <run_address>0xaea</run_address>
         <size>0xfd</size>
         <input_file_ref idref="fl-3"/>
      </object_component>
      <object_component id="oc-ce">
         <name>.debug_str</name>
         <load_address>0xbe7</load_address>
         <run_address>0xbe7</run_address>
         <size>0xf0</size>
         <input_file_ref idref="fl-4"/>
      </object_component>
      <object_component id="oc-a3">
         <name>.debug_str</name>
         <load_address>0xcd7</load_address>
         <run_address>0xcd7</run_address>
         <size>0x105</size>
         <input_file_ref idref="fl-c1"/>
      </object_component>
      <object_component id="oc-e2">
         <name>.debug_str</name>
         <load_address>0xddc</load_address>
         <run_address>0xddc</run_address>
         <size>0x140</size>
         <input_file_ref idref="fl-c1"/>
      </object_component>
      <object_component id="oc-4b">
         <name>.debug_str</name>
         <load_address>0xf1c</load_address>
         <run_address>0xf1c</run_address>
         <size>0x10b</size>
         <input_file_ref idref="fl-c2"/>
      </object_component>
      <object_component id="oc-9b">
         <name>.debug_str</name>
         <load_address>0x1027</load_address>
         <run_address>0x1027</run_address>
         <size>0x140</size>
         <input_file_ref idref="fl-c2"/>
      </object_component>
      <object_component id="oc-3b">
         <name>.debug_str</name>
         <load_address>0x1167</load_address>
         <run_address>0x1167</run_address>
         <size>0x118</size>
         <input_file_ref idref="fl-c3"/>
      </object_component>
      <object_component id="oc-db">
         <name>.debug_str</name>
         <load_address>0x127f</load_address>
         <run_address>0x127f</run_address>
         <size>0x16b</size>
         <input_file_ref idref="fl-c3"/>
      </object_component>
      <object_component id="oc-94">
         <name>.debug_str</name>
         <load_address>0x13ea</load_address>
         <run_address>0x13ea</run_address>
         <size>0x158</size>
         <input_file_ref idref="fl-c3"/>
      </object_component>
      <object_component id="oc-179">
         <name>.debug_str</name>
         <load_address>0x1542</load_address>
         <run_address>0x1542</run_address>
         <size>0xed</size>
         <input_file_ref idref="fl-c7"/>
      </object_component>
      <object_component id="oc-18d">
         <name>.debug_str</name>
         <load_address>0x162f</load_address>
         <run_address>0x162f</run_address>
         <size>0x157</size>
         <input_file_ref idref="fl-c7"/>
      </object_component>
      <object_component id="oc-17e">
         <name>.debug_str</name>
         <load_address>0x1786</load_address>
         <run_address>0x1786</run_address>
         <size>0x150</size>
         <input_file_ref idref="fl-c7"/>
      </object_component>
      <object_component id="oc-183">
         <name>.debug_str</name>
         <load_address>0x18d6</load_address>
         <run_address>0x18d6</run_address>
         <size>0x197</size>
         <input_file_ref idref="fl-c7"/>
      </object_component>
      <object_component id="oc-b4">
         <name>.debug_aranges</name>
         <load_address>0x0</load_address>
         <run_address>0x0</run_address>
         <size>0x38</size>
         <input_file_ref idref="fl-2"/>
      </object_component>
      <object_component id="oc-e9">
         <name>.debug_aranges</name>
         <load_address>0x38</load_address>
         <run_address>0x38</run_address>
         <size>0xa0</size>
         <input_file_ref idref="fl-3"/>
      </object_component>
      <object_component id="oc-75">
         <name>.debug_aranges</name>
         <load_address>0xd8</load_address>
         <run_address>0xd8</run_address>
         <size>0x40</size>
         <input_file_ref idref="fl-4"/>
      </object_component>
      <object_component id="oc-2a">
         <name>.debug_aranges</name>
         <load_address>0x118</load_address>
         <run_address>0x118</run_address>
         <size>0x38</size>
         <input_file_ref idref="fl-5"/>
      </object_component>
      <object_component id="oc-31">
         <name>.debug_aranges</name>
         <load_address>0x150</load_address>
         <run_address>0x150</run_address>
         <size>0x78</size>
         <input_file_ref idref="fl-7"/>
      </object_component>
      <object_component id="oc-4f">
         <name>.debug_aranges</name>
         <load_address>0x1c8</load_address>
         <run_address>0x1c8</run_address>
         <size>0x20</size>
         <input_file_ref idref="fl-c1"/>
      </object_component>
      <object_component id="oc-1c">
         <name>.debug_aranges</name>
         <load_address>0x1e8</load_address>
         <run_address>0x1e8</run_address>
         <size>0x20</size>
         <input_file_ref idref="fl-c2"/>
      </object_component>
      <object_component id="oc-17">
         <name>.debug_aranges</name>
         <load_address>0x208</load_address>
         <run_address>0x208</run_address>
         <size>0x20</size>
         <input_file_ref idref="fl-c3"/>
      </object_component>
      <object_component id="oc-60">
         <name>.debug_aranges</name>
         <load_address>0x228</load_address>
         <run_address>0x228</run_address>
         <size>0x20</size>
         <input_file_ref idref="fl-c4"/>
      </object_component>
      <object_component id="oc-42">
         <name>.debug_aranges</name>
         <load_address>0x248</load_address>
         <run_address>0x248</run_address>
         <size>0x20</size>
         <input_file_ref idref="fl-c5"/>
      </object_component>
      <object_component id="oc-fe">
         <name>.debug_aranges</name>
         <load_address>0x268</load_address>
         <run_address>0x268</run_address>
         <size>0x20</size>
         <input_file_ref idref="fl-c7"/>
      </object_component>
      <object_component id="oc-ac">
         <name>.debug_aranges</name>
         <load_address>0x288</load_address>
         <run_address>0x288</run_address>
         <size>0x20</size>
         <input_file_ref idref="fl-c8"/>
      </object_component>
      <object_component id="oc-f0">
         <name>.debug_aranges</name>
         <load_address>0x2a8</load_address>
         <run_address>0x2a8</run_address>
         <size>0x20</size>
         <input_file_ref idref="fl-ca"/>
      </object_component>
      <object_component id="oc-b6">
         <name>.debug_pubnames</name>
         <load_address>0x0</load_address>
         <run_address>0x0</run_address>
         <size>0x4b</size>
         <input_file_ref idref="fl-2"/>
      </object_component>
      <object_component id="oc-ea">
         <name>.debug_pubnames</name>
         <load_address>0x4b</load_address>
         <run_address>0x4b</run_address>
         <size>0xff</size>
         <input_file_ref idref="fl-3"/>
      </object_component>
      <object_component id="oc-77">
         <name>.debug_pubnames</name>
         <load_address>0x14a</load_address>
         <run_address>0x14a</run_address>
         <size>0x7a</size>
         <input_file_ref idref="fl-4"/>
      </object_component>
      <object_component id="oc-14">
         <name>.debug_pubnames</name>
         <load_address>0x1c4</load_address>
         <run_address>0x1c4</run_address>
         <size>0x23</size>
         <input_file_ref idref="fl-5"/>
      </object_component>
      <object_component id="oc-29">
         <name>.debug_pubnames</name>
         <load_address>0x1e7</load_address>
         <run_address>0x1e7</run_address>
         <size>0x4c</size>
         <input_file_ref idref="fl-5"/>
      </object_component>
      <object_component id="oc-c7">
         <name>.debug_pubnames</name>
         <load_address>0x233</load_address>
         <run_address>0x233</run_address>
         <size>0x1d</size>
         <input_file_ref idref="fl-7"/>
      </object_component>
      <object_component id="oc-7c">
         <name>.debug_pubnames</name>
         <load_address>0x250</load_address>
         <run_address>0x250</run_address>
         <size>0x20</size>
         <input_file_ref idref="fl-7"/>
      </object_component>
      <object_component id="oc-30">
         <name>.debug_pubnames</name>
         <load_address>0x270</load_address>
         <run_address>0x270</run_address>
         <size>0x127</size>
         <input_file_ref idref="fl-7"/>
      </object_component>
      <object_component id="oc-50">
         <name>.debug_pubnames</name>
         <load_address>0x397</load_address>
         <run_address>0x397</run_address>
         <size>0x2e</size>
         <input_file_ref idref="fl-c1"/>
      </object_component>
      <object_component id="oc-20">
         <name>.debug_pubnames</name>
         <load_address>0x3c5</load_address>
         <run_address>0x3c5</run_address>
         <size>0x2b</size>
         <input_file_ref idref="fl-c2"/>
      </object_component>
      <object_component id="oc-18">
         <name>.debug_pubnames</name>
         <load_address>0x3f0</load_address>
         <run_address>0x3f0</run_address>
         <size>0x2b</size>
         <input_file_ref idref="fl-c3"/>
      </object_component>
      <object_component id="oc-26">
         <name>.debug_pubnames</name>
         <load_address>0x41b</load_address>
         <run_address>0x41b</run_address>
         <size>0x1e</size>
         <input_file_ref idref="fl-c4"/>
      </object_component>
      <object_component id="oc-62">
         <name>.debug_pubnames</name>
         <load_address>0x439</load_address>
         <run_address>0x439</run_address>
         <size>0x26</size>
         <input_file_ref idref="fl-c4"/>
      </object_component>
      <object_component id="oc-44">
         <name>.debug_pubnames</name>
         <load_address>0x45f</load_address>
         <run_address>0x45f</run_address>
         <size>0x1d</size>
         <input_file_ref idref="fl-c5"/>
      </object_component>
      <object_component id="oc-ff">
         <name>.debug_pubnames</name>
         <load_address>0x47c</load_address>
         <run_address>0x47c</run_address>
         <size>0x35</size>
         <input_file_ref idref="fl-c7"/>
      </object_component>
      <object_component id="oc-ae">
         <name>.debug_pubnames</name>
         <load_address>0x4b1</load_address>
         <run_address>0x4b1</run_address>
         <size>0x27</size>
         <input_file_ref idref="fl-c8"/>
      </object_component>
      <object_component id="oc-f3">
         <name>.debug_pubnames</name>
         <load_address>0x4d8</load_address>
         <run_address>0x4d8</run_address>
         <size>0x1c</size>
         <input_file_ref idref="fl-ca"/>
      </object_component>
      <object_component id="oc-87">
         <name>.debug_pubtypes</name>
         <load_address>0x0</load_address>
         <run_address>0x0</run_address>
         <size>0x25c</size>
         <input_file_ref idref="fl-2"/>
      </object_component>
      <object_component id="oc-3d">
         <name>.debug_pubtypes</name>
         <load_address>0x25c</load_address>
         <run_address>0x25c</run_address>
         <size>0xed</size>
         <input_file_ref idref="fl-2"/>
      </object_component>
      <object_component id="oc-d2">
         <name>.debug_pubtypes</name>
         <load_address>0x349</load_address>
         <run_address>0x349</run_address>
         <size>0x330</size>
         <input_file_ref idref="fl-2"/>
      </object_component>
      <object_component id="oc-8c">
         <name>.debug_pubtypes</name>
         <load_address>0x679</load_address>
         <run_address>0x679</run_address>
         <size>0xaa</size>
         <input_file_ref idref="fl-2"/>
      </object_component>
      <object_component id="oc-135">
         <name>.debug_pubtypes</name>
         <load_address>0x723</load_address>
         <run_address>0x723</run_address>
         <size>0x47</size>
         <input_file_ref idref="fl-2"/>
      </object_component>
      <object_component id="oc-13f">
         <name>.debug_pubtypes</name>
         <load_address>0x76a</load_address>
         <run_address>0x76a</run_address>
         <size>0x1e</size>
         <input_file_ref idref="fl-2"/>
      </object_component>
      <object_component id="oc-13a">
         <name>.debug_pubtypes</name>
         <load_address>0x788</load_address>
         <run_address>0x788</run_address>
         <size>0x39</size>
         <input_file_ref idref="fl-3"/>
      </object_component>
      <object_component id="oc-7f">
         <name>.debug_pubtypes</name>
         <load_address>0x7c1</load_address>
         <run_address>0x7c1</run_address>
         <size>0xff</size>
         <input_file_ref idref="fl-3"/>
      </object_component>
      <object_component id="oc-cb">
         <name>.debug_pubtypes</name>
         <load_address>0x8c0</load_address>
         <run_address>0x8c0</run_address>
         <size>0x22</size>
         <input_file_ref idref="fl-4"/>
      </object_component>
      <object_component id="oc-a0">
         <name>.debug_pubtypes</name>
         <load_address>0x8e2</load_address>
         <run_address>0x8e2</run_address>
         <size>0x48</size>
         <input_file_ref idref="fl-c1"/>
      </object_component>
      <object_component id="oc-df">
         <name>.debug_pubtypes</name>
         <load_address>0x92a</load_address>
         <run_address>0x92a</run_address>
         <size>0x1d</size>
         <input_file_ref idref="fl-c1"/>
      </object_component>
      <object_component id="oc-48">
         <name>.debug_pubtypes</name>
         <load_address>0x947</load_address>
         <run_address>0x947</run_address>
         <size>0x48</size>
         <input_file_ref idref="fl-c2"/>
      </object_component>
      <object_component id="oc-98">
         <name>.debug_pubtypes</name>
         <load_address>0x98f</load_address>
         <run_address>0x98f</run_address>
         <size>0x1d</size>
         <input_file_ref idref="fl-c2"/>
      </object_component>
      <object_component id="oc-38">
         <name>.debug_pubtypes</name>
         <load_address>0x9ac</load_address>
         <run_address>0x9ac</run_address>
         <size>0x5d</size>
         <input_file_ref idref="fl-c3"/>
      </object_component>
      <object_component id="oc-d8">
         <name>.debug_pubtypes</name>
         <load_address>0xa09</load_address>
         <run_address>0xa09</run_address>
         <size>0x48</size>
         <input_file_ref idref="fl-c3"/>
      </object_component>
      <object_component id="oc-91">
         <name>.debug_pubtypes</name>
         <load_address>0xa51</load_address>
         <run_address>0xa51</run_address>
         <size>0x35</size>
         <input_file_ref idref="fl-c3"/>
      </object_component>
      <object_component id="oc-176">
         <name>.debug_pubtypes</name>
         <load_address>0xa86</load_address>
         <run_address>0xa86</run_address>
         <size>0x32</size>
         <input_file_ref idref="fl-c7"/>
      </object_component>
      <object_component id="oc-18a">
         <name>.debug_pubtypes</name>
         <load_address>0xab8</load_address>
         <run_address>0xab8</run_address>
         <size>0x30</size>
         <input_file_ref idref="fl-c7"/>
      </object_component>
      <object_component id="oc-17b">
         <name>.debug_pubtypes</name>
         <load_address>0xae8</load_address>
         <run_address>0xae8</run_address>
         <size>0x2c</size>
         <input_file_ref idref="fl-c7"/>
      </object_component>
      <object_component id="oc-180">
         <name>.debug_pubtypes</name>
         <load_address>0xb14</load_address>
         <run_address>0xb14</run_address>
         <size>0x50</size>
         <input_file_ref idref="fl-c7"/>
      </object_component>
   </object_component_list>
   <logical_group_list>
      <logical_group id="lg-3" display="no" color="cyan">
         <name>.intvecs</name>
         <load_address>0x0</load_address>
         <run_address>0x0</run_address>
         <size>0x26c</size>
         <contents>
            <object_component_ref idref="oc-12"/>
         </contents>
      </logical_group>
      <logical_group id="lg-4" display="no" color="cyan">
         <name>.text</name>
         <load_address>0x26c</load_address>
         <run_address>0x26c</run_address>
         <size>0x10e6</size>
         <contents>
            <object_component_ref idref="oc-e7"/>
            <object_component_ref idref="oc-2d"/>
            <object_component_ref idref="oc-74"/>
            <object_component_ref idref="oc-b1"/>
            <object_component_ref idref="oc-41"/>
            <object_component_ref idref="oc-15"/>
            <object_component_ref idref="oc-fa"/>
            <object_component_ref idref="oc-5f"/>
            <object_component_ref idref="oc-4d"/>
            <object_component_ref idref="oc-1b"/>
            <object_component_ref idref="oc-27"/>
            <object_component_ref idref="oc-ab"/>
            <object_component_ref idref="oc-ee"/>
         </contents>
      </logical_group>
      <logical_group id="lg-5" display="no" color="cyan">
         <name>.const</name>
         <run_address>0x0</run_address>
         <size>0x0</size>
         <contents>
         </contents>
      </logical_group>
      <logical_group id="lg-6" display="no" color="cyan">
         <name>.cinit</name>
         <load_address>0x1358</load_address>
         <run_address>0x1358</run_address>
         <size>0x38</size>
         <contents>
            <object_component_ref idref="oc-1c0"/>
            <object_component_ref idref="oc-1be"/>
            <object_component_ref idref="oc-1c1"/>
            <object_component_ref idref="oc-1bf"/>
         </contents>
      </logical_group>
      <logical_group id="lg-7" display="no" color="cyan">
         <name>.pinit</name>
         <run_address>0x0</run_address>
         <size>0x0</size>
         <contents>
         </contents>
      </logical_group>
      <logical_group id="lg-8" display="no" color="cyan">
         <name>.init_array</name>
         <run_address>0x0</run_address>
         <size>0x0</size>
         <contents>
         </contents>
      </logical_group>
      <logical_group id="lg-9" display="no" color="cyan">
         <name>.vtable</name>
         <run_address>0x0</run_address>
         <size>0x0</size>
         <contents>
         </contents>
      </logical_group>
      <logical_group id="lg-a" display="no" color="cyan">
         <name>.data</name>
         <run_address>0x20000210</run_address>
         <size>0x8</size>
         <contents>
            <object_component_ref idref="oc-7a"/>
         </contents>
      </logical_group>
      <logical_group id="lg-b" display="no" color="cyan">
         <name>.bss</name>
         <run_address>0x20000200</run_address>
         <size>0x10</size>
         <contents>
            <object_component_ref idref="oc-c5"/>
         </contents>
      </logical_group>
      <logical_group id="lg-c" display="no" color="cyan">
         <name>.sysmem</name>
         <run_address>0x0</run_address>
         <size>0x0</size>
         <contents>
         </contents>
      </logical_group>
      <logical_group id="lg-d" display="no" color="cyan">
         <name>.stack</name>
         <run_address>0x20000000</run_address>
         <size>0x200</size>
         <contents>
            <object_component_ref idref="oc-24"/>
            <object_component_ref idref="oc-1c3"/>
         </contents>
      </logical_group>
      <logical_group id="lg-195" display="no" color="cyan">
         <name>.TI.noinit</name>
         <run_address>0x0</run_address>
         <size>0x0</size>
         <contents>
         </contents>
      </logical_group>
      <logical_group id="lg-196" display="no" color="cyan">
         <name>.TI.persistent</name>
         <run_address>0x0</run_address>
         <size>0x0</size>
         <contents>
         </contents>
      </logical_group>
      <logical_group id="lg-197" display="no" color="cyan">
         <name>__llvm_prf_cnts</name>
         <run_address>0x20000000</run_address>
         <size>0x0</size>
         <contents>
         </contents>
      </logical_group>
      <logical_group id="lg-1a6" display="never" color="cyan">
         <name>.debug_info</name>
         <load_address>0x0</load_address>
         <run_address>0x0</run_address>
         <size>0x5b0d</size>
         <contents>
            <object_component_ref idref="oc-d6"/>
            <object_component_ref idref="oc-b5"/>
            <object_component_ref idref="oc-86"/>
            <object_component_ref idref="oc-3c"/>
            <object_component_ref idref="oc-d1"/>
            <object_component_ref idref="oc-8b"/>
            <object_component_ref idref="oc-134"/>
            <object_component_ref idref="oc-13e"/>
            <object_component_ref idref="oc-133"/>
            <object_component_ref idref="oc-e8"/>
            <object_component_ref idref="oc-139"/>
            <object_component_ref idref="oc-7e"/>
            <object_component_ref idref="oc-c4"/>
            <object_component_ref idref="oc-76"/>
            <object_component_ref idref="oc-ca"/>
            <object_component_ref idref="oc-35"/>
            <object_component_ref idref="oc-13"/>
            <object_component_ref idref="oc-28"/>
            <object_component_ref idref="oc-83"/>
            <object_component_ref idref="oc-c6"/>
            <object_component_ref idref="oc-7b"/>
            <object_component_ref idref="oc-2f"/>
            <object_component_ref idref="oc-a4"/>
            <object_component_ref idref="oc-4e"/>
            <object_component_ref idref="oc-9f"/>
            <object_component_ref idref="oc-de"/>
            <object_component_ref idref="oc-4c"/>
            <object_component_ref idref="oc-1f"/>
            <object_component_ref idref="oc-47"/>
            <object_component_ref idref="oc-97"/>
            <object_component_ref idref="oc-95"/>
            <object_component_ref idref="oc-16"/>
            <object_component_ref idref="oc-37"/>
            <object_component_ref idref="oc-d7"/>
            <object_component_ref idref="oc-90"/>
            <object_component_ref idref="oc-25"/>
            <object_component_ref idref="oc-61"/>
            <object_component_ref idref="oc-43"/>
            <object_component_ref idref="oc-14e"/>
            <object_component_ref idref="oc-fd"/>
            <object_component_ref idref="oc-175"/>
            <object_component_ref idref="oc-189"/>
            <object_component_ref idref="oc-17a"/>
            <object_component_ref idref="oc-17f"/>
            <object_component_ref idref="oc-ad"/>
            <object_component_ref idref="oc-f2"/>
            <object_component_ref idref="oc-1c4"/>
         </contents>
      </logical_group>
      <logical_group id="lg-1a8" display="never" color="cyan">
         <name>.debug_line</name>
         <load_address>0x0</load_address>
         <run_address>0x0</run_address>
         <size>0x1718</size>
         <contents>
            <object_component_ref idref="oc-131"/>
            <object_component_ref idref="oc-b3"/>
            <object_component_ref idref="oc-89"/>
            <object_component_ref idref="oc-3f"/>
            <object_component_ref idref="oc-d4"/>
            <object_component_ref idref="oc-8e"/>
            <object_component_ref idref="oc-137"/>
            <object_component_ref idref="oc-141"/>
            <object_component_ref idref="oc-164"/>
            <object_component_ref idref="oc-eb"/>
            <object_component_ref idref="oc-13c"/>
            <object_component_ref idref="oc-81"/>
            <object_component_ref idref="oc-12d"/>
            <object_component_ref idref="oc-79"/>
            <object_component_ref idref="oc-cd"/>
            <object_component_ref idref="oc-85"/>
            <object_component_ref idref="oc-34"/>
            <object_component_ref idref="oc-2c"/>
            <object_component_ref idref="oc-d0"/>
            <object_component_ref idref="oc-12f"/>
            <object_component_ref idref="oc-c9"/>
            <object_component_ref idref="oc-2e"/>
            <object_component_ref idref="oc-e4"/>
            <object_component_ref idref="oc-52"/>
            <object_component_ref idref="oc-a2"/>
            <object_component_ref idref="oc-e1"/>
            <object_component_ref idref="oc-9d"/>
            <object_component_ref idref="oc-1e"/>
            <object_component_ref idref="oc-4a"/>
            <object_component_ref idref="oc-9a"/>
            <object_component_ref idref="oc-dd"/>
            <object_component_ref idref="oc-1a"/>
            <object_component_ref idref="oc-3a"/>
            <object_component_ref idref="oc-da"/>
            <object_component_ref idref="oc-93"/>
            <object_component_ref idref="oc-72"/>
            <object_component_ref idref="oc-64"/>
            <object_component_ref idref="oc-45"/>
            <object_component_ref idref="oc-174"/>
            <object_component_ref idref="oc-fc"/>
            <object_component_ref idref="oc-178"/>
            <object_component_ref idref="oc-18c"/>
            <object_component_ref idref="oc-17d"/>
            <object_component_ref idref="oc-182"/>
            <object_component_ref idref="oc-b0"/>
            <object_component_ref idref="oc-f1"/>
         </contents>
      </logical_group>
      <logical_group id="lg-1aa" display="never" color="cyan">
         <name>.debug_frame</name>
         <load_address>0x0</load_address>
         <run_address>0x0</run_address>
         <size>0x7e8</size>
         <contents>
            <object_component_ref idref="oc-b2"/>
            <object_component_ref idref="oc-ec"/>
            <object_component_ref idref="oc-78"/>
            <object_component_ref idref="oc-2b"/>
            <object_component_ref idref="oc-32"/>
            <object_component_ref idref="oc-51"/>
            <object_component_ref idref="oc-1d"/>
            <object_component_ref idref="oc-19"/>
            <object_component_ref idref="oc-63"/>
            <object_component_ref idref="oc-fb"/>
            <object_component_ref idref="oc-af"/>
            <object_component_ref idref="oc-ef"/>
         </contents>
      </logical_group>
      <logical_group id="lg-1ac" display="never" color="cyan">
         <name>.debug_abbrev</name>
         <load_address>0x0</load_address>
         <run_address>0x0</run_address>
         <size>0xeae</size>
         <contents>
            <object_component_ref idref="oc-130"/>
            <object_component_ref idref="oc-ed"/>
            <object_component_ref idref="oc-88"/>
            <object_component_ref idref="oc-3e"/>
            <object_component_ref idref="oc-d3"/>
            <object_component_ref idref="oc-8d"/>
            <object_component_ref idref="oc-136"/>
            <object_component_ref idref="oc-140"/>
            <object_component_ref idref="oc-163"/>
            <object_component_ref idref="oc-132"/>
            <object_component_ref idref="oc-13b"/>
            <object_component_ref idref="oc-80"/>
            <object_component_ref idref="oc-12c"/>
            <object_component_ref idref="oc-c3"/>
            <object_component_ref idref="oc-cc"/>
            <object_component_ref idref="oc-84"/>
            <object_component_ref idref="oc-33"/>
            <object_component_ref idref="oc-73"/>
            <object_component_ref idref="oc-cf"/>
            <object_component_ref idref="oc-12e"/>
            <object_component_ref idref="oc-c8"/>
            <object_component_ref idref="oc-7d"/>
            <object_component_ref idref="oc-e3"/>
            <object_component_ref idref="oc-9e"/>
            <object_component_ref idref="oc-a1"/>
            <object_component_ref idref="oc-e0"/>
            <object_component_ref idref="oc-9c"/>
            <object_component_ref idref="oc-46"/>
            <object_component_ref idref="oc-49"/>
            <object_component_ref idref="oc-99"/>
            <object_component_ref idref="oc-dc"/>
            <object_component_ref idref="oc-36"/>
            <object_component_ref idref="oc-39"/>
            <object_component_ref idref="oc-d9"/>
            <object_component_ref idref="oc-92"/>
            <object_component_ref idref="oc-71"/>
            <object_component_ref idref="oc-ba"/>
            <object_component_ref idref="oc-96"/>
            <object_component_ref idref="oc-173"/>
            <object_component_ref idref="oc-14d"/>
            <object_component_ref idref="oc-177"/>
            <object_component_ref idref="oc-18b"/>
            <object_component_ref idref="oc-17c"/>
            <object_component_ref idref="oc-181"/>
            <object_component_ref idref="oc-e6"/>
            <object_component_ref idref="oc-143"/>
            <object_component_ref idref="oc-1c5"/>
         </contents>
      </logical_group>
      <logical_group id="lg-1ae" display="never" color="cyan">
         <name>.debug_str</name>
         <load_address>0x0</load_address>
         <run_address>0x0</run_address>
         <size>0x1a6d</size>
         <contents>
            <object_component_ref idref="oc-8a"/>
            <object_component_ref idref="oc-40"/>
            <object_component_ref idref="oc-d5"/>
            <object_component_ref idref="oc-8f"/>
            <object_component_ref idref="oc-138"/>
            <object_component_ref idref="oc-142"/>
            <object_component_ref idref="oc-13d"/>
            <object_component_ref idref="oc-82"/>
            <object_component_ref idref="oc-ce"/>
            <object_component_ref idref="oc-a3"/>
            <object_component_ref idref="oc-e2"/>
            <object_component_ref idref="oc-4b"/>
            <object_component_ref idref="oc-9b"/>
            <object_component_ref idref="oc-3b"/>
            <object_component_ref idref="oc-db"/>
            <object_component_ref idref="oc-94"/>
            <object_component_ref idref="oc-179"/>
            <object_component_ref idref="oc-18d"/>
            <object_component_ref idref="oc-17e"/>
            <object_component_ref idref="oc-183"/>
         </contents>
      </logical_group>
      <logical_group id="lg-1b0" display="never" color="cyan">
         <name>.debug_aranges</name>
         <load_address>0x0</load_address>
         <run_address>0x0</run_address>
         <size>0x2c8</size>
         <contents>
            <object_component_ref idref="oc-b4"/>
            <object_component_ref idref="oc-e9"/>
            <object_component_ref idref="oc-75"/>
            <object_component_ref idref="oc-2a"/>
            <object_component_ref idref="oc-31"/>
            <object_component_ref idref="oc-4f"/>
            <object_component_ref idref="oc-1c"/>
            <object_component_ref idref="oc-17"/>
            <object_component_ref idref="oc-60"/>
            <object_component_ref idref="oc-42"/>
            <object_component_ref idref="oc-fe"/>
            <object_component_ref idref="oc-ac"/>
            <object_component_ref idref="oc-f0"/>
         </contents>
      </logical_group>
      <logical_group id="lg-1b2" display="never" color="cyan">
         <name>.debug_pubnames</name>
         <load_address>0x0</load_address>
         <run_address>0x0</run_address>
         <size>0x4f4</size>
         <contents>
            <object_component_ref idref="oc-b6"/>
            <object_component_ref idref="oc-ea"/>
            <object_component_ref idref="oc-77"/>
            <object_component_ref idref="oc-14"/>
            <object_component_ref idref="oc-29"/>
            <object_component_ref idref="oc-c7"/>
            <object_component_ref idref="oc-7c"/>
            <object_component_ref idref="oc-30"/>
            <object_component_ref idref="oc-50"/>
            <object_component_ref idref="oc-20"/>
            <object_component_ref idref="oc-18"/>
            <object_component_ref idref="oc-26"/>
            <object_component_ref idref="oc-62"/>
            <object_component_ref idref="oc-44"/>
            <object_component_ref idref="oc-ff"/>
            <object_component_ref idref="oc-ae"/>
            <object_component_ref idref="oc-f3"/>
         </contents>
      </logical_group>
      <logical_group id="lg-1b4" display="never" color="cyan">
         <name>.debug_pubtypes</name>
         <load_address>0x0</load_address>
         <run_address>0x0</run_address>
         <size>0xb64</size>
         <contents>
            <object_component_ref idref="oc-87"/>
            <object_component_ref idref="oc-3d"/>
            <object_component_ref idref="oc-d2"/>
            <object_component_ref idref="oc-8c"/>
            <object_component_ref idref="oc-135"/>
            <object_component_ref idref="oc-13f"/>
            <object_component_ref idref="oc-13a"/>
            <object_component_ref idref="oc-7f"/>
            <object_component_ref idref="oc-cb"/>
            <object_component_ref idref="oc-a0"/>
            <object_component_ref idref="oc-df"/>
            <object_component_ref idref="oc-48"/>
            <object_component_ref idref="oc-98"/>
            <object_component_ref idref="oc-38"/>
            <object_component_ref idref="oc-d8"/>
            <object_component_ref idref="oc-91"/>
            <object_component_ref idref="oc-176"/>
            <object_component_ref idref="oc-18a"/>
            <object_component_ref idref="oc-17b"/>
            <object_component_ref idref="oc-180"/>
         </contents>
      </logical_group>
      <logical_group id="lg-1c2" display="no" color="cyan">
         <name>Veneer$$CMSE</name>
         <run_address>0x0</run_address>
         <size>0x0</size>
         <contents>
         </contents>
      </logical_group>
      <load_segment id="lg-1c8" display="no" color="cyan">
         <name>SEGMENT_0</name>
         <load_address>0x0</load_address>
         <run_address>0x0</run_address>
         <size>0x1390</size>
         <flags>0x5</flags>
         <contents>
            <logical_group_ref idref="lg-3"/>
            <logical_group_ref idref="lg-4"/>
            <logical_group_ref idref="lg-6"/>
         </contents>
      </load_segment>
      <load_segment id="lg-1c9" display="no" color="cyan">
         <name>SEGMENT_1</name>
         <run_address>0x20000000</run_address>
         <size>0x218</size>
         <flags>0x6</flags>
         <contents>
            <logical_group_ref idref="lg-d"/>
            <logical_group_ref idref="lg-b"/>
            <logical_group_ref idref="lg-a"/>
         </contents>
      </load_segment>
   </logical_group_list>
   <placement_map>
      <memory_area display="yes" color="green">
         <name>FLASH</name>
         <page_id>0x0</page_id>
         <origin>0x0</origin>
         <length>0x40000</length>
         <used_space>0x138a</used_space>
         <unused_space>0x3ec76</unused_space>
         <attributes>RX</attributes>
         <usage_details>
            <allocated_space>
               <start_address>0x0</start_address>
               <size>0x26c</size>
               <logical_group_ref idref="lg-3"/>
            </allocated_space>
            <allocated_space>
               <start_address>0x26c</start_address>
               <size>0x10e6</size>
               <logical_group_ref idref="lg-4"/>
            </allocated_space>
            <available_space>
               <start_address>0x1352</start_address>
               <size>0x6</size>
            </available_space>
            <allocated_space>
               <start_address>0x1358</start_address>
               <size>0x38</size>
               <logical_group_ref idref="lg-6"/>
            </allocated_space>
            <available_space>
               <start_address>0x1390</start_address>
               <size>0x3ec70</size>
            </available_space>
         </usage_details>
      </memory_area>
      <memory_area display="yes" color="green">
         <name>SRAM</name>
         <page_id>0x0</page_id>
         <origin>0x20000000</origin>
         <length>0x8000</length>
         <used_space>0x218</used_space>
         <unused_space>0x7de8</unused_space>
         <attributes>RWX</attributes>
         <usage_details>
            <allocated_space>
               <start_address>0x20000000</start_address>
               <size>0x0</size>
               <logical_group_ref idref="lg-197"/>
            </allocated_space>
            <allocated_space>
               <start_address>0x20000000</start_address>
               <size>0x200</size>
               <logical_group_ref idref="lg-d"/>
            </allocated_space>
            <allocated_space>
               <start_address>0x20000200</start_address>
               <size>0x10</size>
               <logical_group_ref idref="lg-b"/>
            </allocated_space>
            <allocated_space>
               <start_address>0x20000210</start_address>
               <size>0x8</size>
               <logical_group_ref idref="lg-a"/>
            </allocated_space>
            <available_space>
               <start_address>0x20000218</start_address>
               <size>0x7de8</size>
            </available_space>
         </usage_details>
      </memory_area>
   </placement_map>
   <cptbl_list>
      <cptbl>
         <name>__TI_cinit_table</name>
         <cprec>
            <name>.data</name>
            <load_address>0x1358</load_address>
            <load_size>0xd</load_size>
            <run_address>0x20000210</run_address>
            <run_size>0x8</run_size>
            <compression>lzss</compression>
         </cprec>
         <cprec>
            <name>.bss</name>
            <load_address>0x1378</load_address>
            <load_size>0x8</load_size>
            <run_address>0x20000200</run_address>
            <run_size>0x10</run_size>
            <compression>zero_init</compression>
         </cprec>
      </cptbl>
   </cptbl_list>
   <handler_table>
      <handler_table_name>__TI_handler_table</handler_table_name>
      <handler>
         <index>0x0</index>
         <name>__TI_decompress_lzss</name>
      </handler>
      <handler>
         <index>0x1</index>
         <name>__TI_decompress_none</name>
      </handler>
      <handler>
         <index>0x2</index>
         <name>__TI_zero_init</name>
      </handler>
   </handler_table>
   <symbol_table>
      <symbol id="sm-1">
         <name>__STACK_TOP</name>
         <value>0x20000200</value>
      </symbol>
      <symbol id="sm-2">
         <name>__start___llvm_prf_cnts</name>
         <value>0x20000000</value>
      </symbol>
      <symbol id="sm-3">
         <name>__stop___llvm_prf_cnts</name>
         <value>0x20000000</value>
      </symbol>
      <symbol id="sm-4">
         <name>__TI_CINIT_Base</name>
         <value>0x1380</value>
      </symbol>
      <symbol id="sm-5">
         <name>__TI_CINIT_Limit</name>
         <value>0x1390</value>
      </symbol>
      <symbol id="sm-6">
         <name>__TI_Handler_Table_Base</name>
         <value>0x1368</value>
      </symbol>
      <symbol id="sm-7">
         <name>__TI_Handler_Table_Limit</name>
         <value>0x1374</value>
      </symbol>
      <symbol id="sm-8">
         <name>binit</name>
         <value>0xffffffff</value>
      </symbol>
      <symbol id="sm-9">
         <name>__binit__</name>
         <value>0xffffffff</value>
      </symbol>
      <symbol id="sm-a">
         <name>__STACK_SIZE</name>
         <value>0x200</value>
      </symbol>
      <symbol id="sm-b">
         <name>__STACK_END</name>
         <value>0x20000200</value>
      </symbol>
      <symbol id="sm-c">
         <name>__c_args__</name>
         <value>0xffffffff</value>
      </symbol>
      <symbol id="sm-d">
         <name>__TI_pprof_out_hndl</name>
         <value>0xffffffff</value>
      </symbol>
      <symbol id="sm-e">
         <name>__TI_prof_data_start</name>
         <value>0xffffffff</value>
      </symbol>
      <symbol id="sm-f">
         <name>__TI_prof_data_size</name>
         <value>0xffffffff</value>
      </symbol>
      <symbol id="sm-63">
         <name>main</name>
         <value>0x1143</value>
         <object_component_ref idref="oc-b1"/>
      </symbol>
      <symbol id="sm-64">
         <name>delay</name>
         <value>0x111f</value>
         <object_component_ref idref="oc-b1"/>
      </symbol>
      <symbol id="sm-65">
         <name>GPIOPortF_Init</name>
         <value>0x10f5</value>
         <object_component_ref idref="oc-b1"/>
      </symbol>
      <symbol id="sm-66">
         <name>GPIOPortA_Init</name>
         <value>0x10dd</value>
         <object_component_ref idref="oc-b1"/>
      </symbol>
      <symbol id="sm-115">
         <name>vsnprintf_</name>
         <value>0xd73</value>
         <object_component_ref idref="oc-e7"/>
      </symbol>
      <symbol id="sm-116">
         <name>snprintf_</name>
         <value>0xd1f</value>
         <object_component_ref idref="oc-e7"/>
      </symbol>
      <symbol id="sm-117">
         <name>printf_</name>
         <value>0xcb7</value>
         <object_component_ref idref="oc-e7"/>
      </symbol>
      <symbol id="sm-118">
         <name>fctprintf</name>
         <value>0xd95</value>
         <object_component_ref idref="oc-e7"/>
      </symbol>
      <symbol id="sm-119">
         <name>vprintf_</name>
         <value>0xd53</value>
         <object_component_ref idref="oc-e7"/>
      </symbol>
      <symbol id="sm-11a">
         <name>sprintf_</name>
         <value>0xce9</value>
         <object_component_ref idref="oc-e7"/>
      </symbol>
      <symbol id="sm-137">
         <name>ring_buffer_put</name>
         <value>0xff9</value>
         <object_component_ref idref="oc-74"/>
      </symbol>
      <symbol id="sm-138">
         <name>ring_buffer_full</name>
         <value>0x1081</value>
         <object_component_ref idref="oc-74"/>
      </symbol>
      <symbol id="sm-139">
         <name>ring_buffer_empty</name>
         <value>0x10bd</value>
         <object_component_ref idref="oc-74"/>
      </symbol>
      <symbol id="sm-13a">
         <name>ring_buffer_get</name>
         <value>0x102f</value>
         <object_component_ref idref="oc-74"/>
      </symbol>
      <symbol id="sm-13b">
         <name>ring_buffer_peek</name>
         <value>0x1065</value>
         <object_component_ref idref="oc-74"/>
      </symbol>
      <symbol id="sm-157">
         <name>ResetISR</name>
         <value>0x133f</value>
         <object_component_ref idref="oc-27"/>
      </symbol>
      <symbol id="sm-158">
         <name>g_pfnVectors</name>
         <value>0x0</value>
         <object_component_ref idref="oc-12"/>
      </symbol>
      <symbol id="sm-19b">
         <name>uart_enable_tx_interrupt</name>
         <value>0xde1</value>
         <object_component_ref idref="oc-2d"/>
      </symbol>
      <symbol id="sm-19c">
         <name>uart_clear_tx_interrupt</name>
         <value>0xdf9</value>
         <object_component_ref idref="oc-2d"/>
      </symbol>
      <symbol id="sm-19d">
         <name>uart_disable_rx_interrupt</name>
         <value>0xe11</value>
         <object_component_ref idref="oc-2d"/>
      </symbol>
      <symbol id="sm-19e">
         <name>uart_rx_get</name>
         <value>0xe43</value>
         <object_component_ref idref="oc-2d"/>
      </symbol>
      <symbol id="sm-19f">
         <name>uart_enable_rx_interrupt</name>
         <value>0xe05</value>
         <object_component_ref idref="oc-2d"/>
      </symbol>
      <symbol id="sm-1a0">
         <name>uart_tx_start</name>
         <value>0xe29</value>
         <object_component_ref idref="oc-2d"/>
      </symbol>
      <symbol id="sm-1a1">
         <name>uart_disable_tx_interrupt</name>
         <value>0xded</value>
         <object_component_ref idref="oc-2d"/>
      </symbol>
      <symbol id="sm-1a2">
         <name>uart_putchar_polling</name>
         <value>0xf43</value>
         <object_component_ref idref="oc-2d"/>
      </symbol>
      <symbol id="sm-1a3">
         <name>_putchar</name>
         <value>0xf6d</value>
         <object_component_ref idref="oc-2d"/>
      </symbol>
      <symbol id="sm-1a4">
         <name>uart_init</name>
         <value>0xed1</value>
         <object_component_ref idref="oc-2d"/>
      </symbol>
      <symbol id="sm-1a5">
         <name>uart_clear_rx_interrupt</name>
         <value>0xe1d</value>
         <object_component_ref idref="oc-2d"/>
      </symbol>
      <symbol id="sm-1a6">
         <name>UART0Handler</name>
         <value>0xe57</value>
         <object_component_ref idref="oc-2d"/>
      </symbol>
      <symbol id="sm-1bf">
         <name>__TI_zero_init_nomemset</name>
         <value>0x1315</value>
         <object_component_ref idref="oc-4d"/>
      </symbol>
      <symbol id="sm-1d6">
         <name>__TI_decompress_none</name>
         <value>0x1331</value>
         <object_component_ref idref="oc-1b"/>
      </symbol>
      <symbol id="sm-1f9">
         <name>__TI_decompress_lzss</name>
         <value>0x1235</value>
         <object_component_ref idref="oc-15"/>
      </symbol>
      <symbol id="sm-20c">
         <name>__stack</name>
         <value>0x20000000</value>
         <object_component_ref idref="oc-24"/>
      </symbol>
      <symbol id="sm-20d">
         <name>_c_int00_noargs</name>
         <value>0x12e1</value>
         <object_component_ref idref="oc-5f"/>
      </symbol>
      <symbol id="sm-228">
         <name>memcpy</name>
         <value>0x1199</value>
         <object_component_ref idref="oc-41"/>
      </symbol>
      <symbol id="sm-229">
         <name>__aeabi_memcpy</name>
         <value>0x1199</value>
         <object_component_ref idref="oc-41"/>
      </symbol>
      <symbol id="sm-22a">
         <name>__aeabi_memcpy8</name>
         <value>0x1199</value>
         <object_component_ref idref="oc-41"/>
      </symbol>
      <symbol id="sm-22b">
         <name>__aeabi_memcpy4</name>
         <value>0x1199</value>
         <object_component_ref idref="oc-41"/>
      </symbol>
      <symbol id="sm-254">
         <name>__TI_auto_init_nobinit_nopinit</name>
         <value>0x129d</value>
         <object_component_ref idref="oc-fa"/>
      </symbol>
      <symbol id="sm-25e">
         <name>_system_pre_init</name>
         <value>0x134b</value>
         <object_component_ref idref="oc-ab"/>
      </symbol>
      <symbol id="sm-26a">
         <name>C$$EXIT</name>
         <value>0x134f</value>
         <object_component_ref idref="oc-ee"/>
      </symbol>
      <symbol id="sm-26b">
         <name>abort</name>
         <value>0x134f</value>
         <object_component_ref idref="oc-ee"/>
      </symbol>
      <symbol id="sm-26e">
         <name>__TI_static_base__</name>
         <value>0x0</value>
      </symbol>
      <symbol id="sm-271">
         <name>__mpu_init</name>
         <value>0x0</value>
      </symbol>
      <symbol id="sm-272">
         <name>_system_post_cinit</name>
         <value>0x0</value>
      </symbol>
   </symbol_table>
   <title>Link successful</title>
</link_info>
